,title,date,view
0,Dad Stop Embarrassing Me! | Official Trailer | Netflix,1D,18만회
1,My Love: Six Stories of True Love | Official Trailer | Netflix,2D,5.4만회
2,Love and Monsters starring Dylan O’Brien | Official Trailer | Netflix,2D,39만회
3,Worn Stories | Based On The Best Seller | Official Trailer | Netflix,3D,5.6만회
4,Concrete Cowboy | Official Trailer | Netflix,3D,39만회
5,The Irregulars | Official Trailer | Netflix,4D,67만회
6,Madame Claude | Official Trailer | Netflix,1W,15만회
7,Snabba Cash | Official Trailer | Netflix,1W,8.1만회
8,The Wedding Coach | Official Trailer | Netflix,1W,8만회
9,Just Say Yes | Official Trailer | Netflix,1W,17만회
10,Family Reunion Part 3 | Official Trailer | Netflix,1W,36만회
11,Formula 1: Drive to Survive (Season 3) | Official Trailer | Netflix,2W,71만회
12,Prank Encounters (Season 2) | Official Trailer | Netflix,2W,6.9만회
13,Nate Bargatze: The Greatest Average American | Official Trailer | Netflix,2W,5.2만회
14,The Serpent | Official Trailer | Netflix,2W,99만회
15,Seaspiracy | Official Trailer | Netflix,2W,49만회
16,Thunder Force | Melissa McCarthy and Octavia Spencer | Official Trailer | Netflix,2W,233만회
17,Last Chance U: Basketball | Official Trailer | Netflix,2W,39만회
18,"Bad Trip starring Eric Andre, Lil Rel Howery & Tiffany Haddish | Official Trailer | Netflix",2W,23만회
19,Sky Rojo | Official Trailer | Netflix,2W,52만회
20,DOTA: Dragon’s Blood | Official Trailer | Netflix,2W,198만회
21,Operation Varsity Blues: The College Admissions Scandal | Official Trailer | Netflix,2W,67만회
22,Paper Lives | Official Trailer | Netflix,2W,35만회
23,Abla Fahita: Drama Queen | Official Trailer | Netflix,2W,7.1만회
24,Nailed It: Double Trouble! | Official Trailer | Netflix,3W,4.5만회
25,Pacific Rim: The Black | Official Trailer #2 | Netflix,3W,20만회
26,The One | Official Trailer | Netflix,3W,128만회
27,Dealer | Official Trailer | Netflix,3W,14만회
28,Caught by a Wave | Official Trailer | Netflix,3W,29만회
29,Murder Among the Mormons | Official Trailer | Netflix,3W,38만회
30,A Week Away | Official Trailer | Netflix,3W,84만회
31,Country Comfort | Official Trailer | Netflix,1M,19만회
32,Biggie: I Got a Story to Tell | Official Trailer | Netflix,1M,144만회
33,The Lost Pirate Kingdom | Official Trailer | Netflix,1M,160만회
34,Paradise PD: Season 3 | Official Trailer | Netflix,1M,34만회
35,Waffles + Mochi | Official Trailer | Audio Description | Netflix,1M,9.1천회
36,Waffles + Mochi | Official Trailer | Netflix,1M,53만회
37,Marriage or Mortgage | Official Trailer | Netflix,1M,12만회
38,Yes Day starring Jennifer Garner | Official Trailer | Netflix,1M,73만회
39,The Misadventures of Hedi and Cokeman | Official Trailer | Netflix,1M,7.4만회
40,Brian Regan: On The Rocks | Official Trailer | Netflix Standup Comedy Special,1M,5.4만회
41,Pacific Rim: The Black | Official Trailer #1 | Netflix,1M,121만회
42,Sentinelle | Official Trailer | Netflix,1M,88만회
43,Behind Her Eyes | Official Trailer | Netflix,1M,202만회
44,Pelé | Official Trailer | Netflix,1M,32만회
45,Tribes of Europa | Official Trailer | Netflix,1M,71만회
46,Amend: The Fight for America | Official Trailer | Netflix,1M,44만회
47,Moxie | Official Trailer | Netflix,1M,132만회
48,Crazy About Her | Official Trailer | Netflix,1M,59만회
49,News of the World starring Tom Hanks | Official Trailer | Netflix,1M,27만회
50,Buried By The Bernards | Official Trailer | Netflix,1M,12만회
51,Canine Intervention | Official Trailer | Netflix,1M,17만회
52,Crime Scene: The Vanishing at the Cecil Hotel | Official Trailer | Netflix,1M,325만회
53,Ginny & Georgia | Official Trailer | Netflix,1M,188만회
54,MeatEater: Season 9 Part 2 | Official Trailer | Netflix,1M,7만회
55,Nadiya Bakes | Official Trailer | Netflix,2M,24만회
56,Tiffany Haddish Presents: They Ready Season 2 | Official Trailer | Netflix,2M,5.7만회
57,Fate: The Winx Saga | Official Trailer | Netflix,2M,192만회
58,Space Sweepers | Official Trailer | Netflix,2M,180만회
59,The Crew | Official Trailer | Netflix,2M,48만회
60,"""Strip Down, Rise Up"" | Official Trailer | Netflix",2M,50만회
61,Animals on the Loose: A You vs. Wild Interactive Movie | Official Trailer | Netflix,2M,124만회
62,Firefly Lane | Official Trailer | Netflix,2M,93만회
63,We Are: The Brooklyn Saints | Official Trailer | Netflix,2M,5.5만회
64,Red Dot | Official Trailer | Netflix,2M,98만회
65,To All The Boys: Always and Forever | Official Trailer | Netflix,2M,496만회
66,The Last Paradiso | Official Trailer | Netflix,2M,32만회
67,Snowpiercer Season 2 | Official Trailer | Netflix,2M,36만회
68,Bonding: Season 2 | Official Trailer | Netflix,2M,23만회
69,Below Zero | Official Trailer | Netflix,2M,88만회
70,FINDING ‘OHANA | Official Trailer | Netflix,2M,129만회
71,Penguin Bloom starring Naomi Watts and Andrew Lincoln | Official Trailer | Netflix,2M,31만회
72,Malcolm & Marie | Official Trailer | Netflix,2M,398만회
73,Bling Empire | Official Trailer | Netflix,2M,59만회
74,Outside the Wire | Official Trailer | Netflix,2M,261만회
75,Surviving Death | Official Trailer | Netflix,2M,37만회
76,Chris Rock Total Blackout: The Tamborine Extended Cut | Official Trailer | Netflix,2M,8.2만회
77,SANPA | Official Trailer | Netflix,2M,15만회
78,The Netflix Afterparty | Official Trailer | New Weekly Comedy Series | Netflix,2M,12만회
79,Blown Away | Official Trailer | Netflix,2M,15만회
80,Martin Scorsese Presents | Pretend It’s A City | Official Trailer | Netflix,2M,51만회
81,History of Swear Words | Official Trailer | Netflix,2M,213만회
82,The White Tiger | Official Trailer | Netflix,2M,337만회
83,Death to 2020 | Official Trailer | Netflix,2M,205만회
84,Dream Home Makeover (Season 2) | Official Trailer | Netflix,3M,6.6만회
85,Asphalt Burning | Official Trailer | Netflix,3M,50만회
86,Night Stalker: The Hunt For a Serial Killer | Official Trailer | Netflix,3M,161만회
87,Jurassic World: Camp Cretaceous Season 2 | Official Trailer | Netflix,3M,88만회
88,"Crack: Cocaine, Corruption & Conspiracy | Official Trailer | Netflix",3M,23만회
89,Bridgerton | Official Trailer | Netflix,3M,427만회
90,Equinox | Official Trailer | Netflix,3M,42만회
91,London Hughes: To Catch A D*ck | Official Trailer | Netflix,3M,4.9만회
92,Inside the World’s Toughest Prisons (Season 5) | Official Trailer | Netflix,3M,16만회
93,Headspace Guide To Meditation | Official Trailer | Netflix,3M,37만회
94,Cobra Kai: Season 3 | Official Trailer | Netflix,3M,575만회
95,The Minimalists: Less Is Now | Official Trailer | Netflix,3M,81만회
96,Double Dad | Official Trailer | Netflix,3M,69만회
97,Transformers: War for Cybertron Trilogy - Earthrise | Official Trailer | Netflix,3M,51만회
98,Sweet Home | Official Trailer | Netflix,3M,428만회
99,Disclosure | Official Trailer | Netflix,3M,2.7만회
100,We Can Be Heroes starring Priyanka Chopra & Pedro Pascal | Official Trailer | Netflix,3M,258만회
101,Chilling Adventures of Sabrina Part 4 | Official Trailer | Netflix,3M,162만회
102,THE DIG starring Carey Mulligan and Ralph Fiennes | Official Trailer | Netflix,3M,188만회
103,Lupin | Official Trailer | Netflix,3M,288만회
104,Song Exploder (Volume 2) | Official Trailer | Netflix,3M,25만회
105,How To Ruin Christmas: The Wedding | Official Trailer | Netflix,3M,17만회
106,Home for Christmas Season 2 | Official Trailer | Netflix,3M,15만회
107,Best Leftovers Ever! | Official Trailer | Netflix,3M,7.6만회
108,The Prom | Official Trailer | Netflix,3M,235만회
109,Giving Voice | Official Trailer | Netflix,4M,9.7만회
110,Voices of Fire | Official Trailer | Netflix,4M,10만회
111,The Surgeon's Cut | Official Trailer | Netflix,4M,89만회
112,The Ripper | Official Trailer | Netflix,4M,75만회
113,Leyla Everlasting | Official Trailer | Netflix,4M,19만회
114,Alice in Borderland | Official Trailer #2 | Netflix,4M,47만회
115,Pieces of a Woman | Official Trailer | Netflix,4M,265만회
116,Tiny Pretty Things | Official Trailer | Netflix,4M,140만회
117,Alien Worlds Season 1 | Official Trailer | Netflix,4M,239만회
118,Kevin Hart: Zero Fucks Given | Official Trailer | Netflix Standup Comedy Special 2020,4M,46만회
119,Canvas | Official Trailer | Netflix,4M,57만회
120,Sugar Rush Christmas Season 2 | Official Trailer | Netflix,4M,4.6만회
121,Big Mouth: Season 4 | Official Trailer | Netflix,4M,108만회
122,Dance Dreams: Hot Chocolate Nutcracker | Official Trailer | Netflix,4M,14만회
123,We Are The Champions | Official Trailer | Netflix,4M,37만회
124,Mr. Iglesias Part 3 | Official Trailer | Netflix,4M,11만회
125,Holiday Home Makeover with Mr. Christmas | Official Trailer | Netflix,4M,7.5만회
126,The Mess You Leave Behind | Official Trailer | Netflix,4M,102만회
127,The Princess Switch 2: Switched Again | Official Trailer | Netflix,4M,439만회
128,Mosul | Official Trailer | Netflix,4M,304만회
129,Riding with Sugar | Official Trailer | Netflix,4M,14만회
130,Over Christmas | Official Trailer | Netflix,4M,27만회
131,The Endless Trench (aka La trinchera infinita) | Official Trailer | Netflix,4M,11만회
132,Virgin River Season 2 | Official Trailer | Netflix,4M,129만회
133,The Crown Season 4 | Official Trailer | Netflix,4M,499만회
134,Trial 4 | Official Trailer | Netflix,4M,24만회
135,Alice in Borderland | Official Trailer | Netflix,4M,239만회
136,THE MIDNIGHT SKY starring George Clooney | Official Trailer | Netflix,4M,397만회
137,Rose Island | Official Trailer | Netflix,4M,60만회
138,Selena: The Series | Official Trailer | Netflix,4M,209만회
139,Dash & Lily | Official Trailer | Netflix,4M,130만회
140,Dolly Parton's Christmas on The Square starring Christine Baranski | Official Trailer | Netflix,4M,41만회
141,The Liberator | Official Trailer | Netflix,4M,66만회
142,Paranormal | Official Trailer | Netflix,4M,82만회
143,Shawn Mendes: In Wonder | Official Trailer | Netflix,4M,94만회
144,The Life Ahead | Official Trailer | Netflix,4M,56만회
145,MANK | Official Trailer | Netflix,4M,154만회
146,Aunty Donna's Big Ol' House of Fun | Official Trailer | Netflix,4M,21만회
147,Ma Rainey's Black Bottom | Official Trailer | Netflix,5M,126만회
148,The Christmas Chronicles 2 starring Kurt Russell & Goldie Hawn | Official Trailer | Netflix,5M,189만회
149,The Minions of Midas | Official Trailer | Netflix,5M,21만회
150,What We Wanted | Official Trailer | Netflix,5M,33만회
151,Secrets of the Saqqara Tomb | Official Trailer | Netflix,5M,240만회
152,Hillbilly Elegy a Ron Howard Film | Amy Adams & Glenn Close | Official Trailer | Netflix,5M,221만회
153,Operation Christmas Drop | Official Trailer | Netflix,5M,88만회
154,Suburra Season 3 | Official Trailer | Netflix,5M,16만회
155,Barbarians | Official Trailer | Netflix,5M,185만회
156,Rogue City | Official Trailer | Netflix,5M,139만회
157,Love & Anarchy | Official Trailer | Netflix,5M,59만회
158,Unsolved Mysteries Volume 2 | Official Trailer | Netflix,5M,44만회
159,Somebody Feed Phil (Season 4) | Official Trailer | Netflix,5M,10만회
160,Grand Army | Official Trailer | Netflix,5M,73만회
161,My Next Guest Needs No Introduction with David Letterman | Season 3 Official Trailer | Netflix,5M,79만회
162,BLACKPINK: LIGHT UP THE SKY | Official Trailer | Netflix,5M,349만회
163,Blood of Zeus | Official Trailer | Netflix,5M,531만회
164,Jingle Jangle: A Christmas Journey | Everything is Possible | Official Trailer | Netflix,5M,161만회
165,SOCIAL DISTANCE | Official Trailer | Netflix,5M,21만회
166,HIS HOUSE | Official Trailer | Netflix,5M,187만회
167,Someone Has to Die | Official Trailer | Netflix,5M,56만회
168,Holidate starring Emma Roberts | Find Your Perfect Plus-One | Official Trailer | Netflix,5M,221만회
169,VAMPIRES VS THE BRONX | Official Trailer | Netflix,5M,91만회
170,Dream Home Makeover | Official Trailer | Netflix,5M,17만회
171,A Babysitter's Guide To Monster Hunting | Official Trailer | Netflix,5M,80만회
172,"Whose Vote Counts, Explained (Limited Series) | Official Trailer | Netflix",5M,6.2만회
173,The Queen’s Gambit | Official Trailer | Netflix,5M,580만회
174,Father of the Bride Part 3 (ish) | Official Trailer | Netflix,5M,160만회
175,Deaf U | Official Trailer | Audio Description | Netflix,5M,2만회
176,Deaf U | Official Trailer | Netflix,5M,26만회
177,David Attenborough: A Life on Our Planet | Official Trailer | Netflix,5M,174만회
178,The Cabin with Bert Kreischer | Official Trailer | Netflix,5M,67만회
179,The Haunting of Bly Manor | Official Trailer | Netflix,5M,309만회
180,The Trial of the Chicago 7 | Official Trailer | Netflix Film,5M,230만회
181,OVER THE MOON | Official Trailer #2 | Netflix,5M,241만회
182,Cadaver | Official Trailer | Netflix,5M,123만회
183,Song Exploder | Official Trailer | Netflix,6M,20만회
184,American Murder: The Family Next Door | Official Trailer | Netflix,6M,571만회
185,Emily in Paris | Official Trailer | Netflix,6M,321만회
186,"Good Morning, Verônica | Official Trailer | Netflix",6M,24만회
187,Dick Johnson Is Dead | Official Trailer | Netflix,6M,31만회
188,La Révolution | Official Trailer | Netflix,6M,114만회
189,Sneakerheads | Official Trailer | Netflix,6M,91만회
190,Hubie Halloween starring Adam Sandler | Official Trailer | Netflix,6M,517만회
191,The Playbook | Official Trailer | Netflix,6M,61만회
192,Michael McIntyre: Showman | Official Trailer | Netflix,6M,5.2만회
193,Jack Whitehall: Travels with My Father Season 4 | Official Trailer | Netflix,6M,11만회
194,Rebecca | Official Trailer | Netflix,6M,282만회
195,My Octopus Teacher | Official Trailer | Netflix,6M,199만회
196,MeatEater Season 9 | Official Trailer | Netflix,6M,8.9만회
197,American Barbecue Showdown | Official Trailer | Netflix,6M,15만회
198,Challenger: The Final Flight | Official Trailer | Netflix,6M,31만회
199,The Boys in the Band | Official Trailer | Netflix,6M,150만회
200,Family Business Season 2 | Official Trailer | Netflix,6M,6.5만회
201,CRIMINAL SEASON 2 | Official Trailer | Netflix,6M,83만회
202,Sing On! | Official Trailer | Netflix,6M,9.2만회
203,A Love Song For Latasha | Official Trailer | Netflix,6M,9.5만회
204,Jurassic World Camp Cretaceous | Official Trailer | Netflix,6M,124만회
205,The Social Dilemma | Official Trailer | Netflix,6M,833만회
206,The Babysitter: Killer Queen | Official Trailer | Netflix,6M,277만회
207,Baby Season 3 | Official Trailer | Netflix,6M,46만회
208,Get Organized with The Home Edit | Official Trailer | Netflix,6M,28만회
209,The Taco Chronicles Season 2 | Official Trailer | Netflix,6M,10만회
210,The Forty-Year-Old Version | Official Trailer | Netflix,6M,34만회
211,The Last Word | Official Trailer | Netflix,6M,13만회
212,Making The Witcher | Official Trailer | Netflix,6M,34만회
213,Enola Holmes | Official Trailer | Netflix,6M,1121만회
214,The Gift S2 | Official Trailer | Netflix,6M,18만회
215,Dragon's Dogma | Official Trailer | Netflix,6M,88만회
216,Cuties | Official Trailer | Netflix,7M,1688만회
217,Chef's Table: BBQ | Official Trailer | Netflix,7M,55만회
218,The Duchess | Official Trailer | Netflix,7M,89만회
219,Trinkets Season 2 | Official Trailer | Netflix,7M,44만회
220,Rising Phoenix | Official Trailer | Netflix,7M,52만회
221,Rising Phoenix | Official Trailer | Audio Description | Netflix,7M,1.8만회
222,The Devil All The Time starring Tom Holland & Robert Pattinson | Official Trailer | Netflix,7M,1477만회
223,Young Wallander | Official Trailer | Netflix,7M,60만회
224,Million Dollar Beach House | Official Trailer | Netflix,7M,24만회
225,Freaks – You're One of Us | Official Trailer | Netflix,7M,149만회
226,ALL TOGETHER NOW | Based on Sorta Like A Rock Star | Official Trailer | Netflix,7M,87만회
227,Away | Official Trailer | Netflix,7M,220만회
228,Undercover Season 2 | Official Trailer | Netflix,7M,21만회
229,Rust Valley Restorers Season 3 | Official Trailer | Netflix,7M,9.1만회
230,Aggretsuko: Season 3 | Official Trailer | Netflix,7M,36만회
231,HOOPS | Official Trailer | Netflix,7M,86만회
232,John Was Trying to Contact Aliens | Official Trailer | Netflix,7M,20만회
233,i'm thinking of ending things | a film by Charlie Kaufman | Official Trailer | Netflix,7M,394만회
234,Demarcus Family Rules | Official Trailer | Netflix,7M,8.1만회
235,The Sleepover | You Think You Know Your Parents? | Official Trailer | Netflix,7M,181만회
236,Ratched | Official Trailer | Netflix,7M,580만회
237,Teenage Bounty Hunters | Official Trailer | Netflix,7M,114만회
238,Game On: A Comedy Crossover Event | Official Trailer | Netflix,7M,17만회
239,Tiny Creatures | Official Trailer | Netflix,7M,31만회
240,World's Most Wanted | Official Trailer | Netflix,7M,91만회
241,Selling Sunset Season 3 | Official Trailer | Netflix,7M,41만회
242,(Un)Well | Official Trailer | Netflix,7M,86만회
243,Immigration Nation | Official Trailer | Netflix,7M,36만회
244,Anelka: Misunderstood | Official Trailer | Netflix,7M,117만회
245,Biohackers | Official Trailer | Netflix,7M,190만회
246,Sam Jay: 3 In The Morning | Official Trailer | Netflix,7M,6만회
247,Connected | Official Trailer | Netflix,7M,31만회
248,Sugar Rush Season 3 | Official Trailer | Netflix,7M,7.7만회
249,Dirty John Season 2 | Official Trailer | Netflix,8M,20만회
250,Last Chance U Season 5 | Official Trailer | Netflix,8M,39만회
251,Work It starring Sabrina Carpenter & Liza Koshy | Official Trailer | Netflix,8M,474만회
252,The Business of Drugs | Official Trailer | Netflix,8M,17만회
253,Skin Decision: Before and After | Official Trailer | Netflix,8M,7.6만회
254,Project Power starring Jamie Foxx | Official Trailer | Netflix,8M,1042만회
255,Alta Mar | Official Trailer | Netflix,8M,18만회
256,The Rain Season 3 | Official Trailer | Netflix,8M,66만회
257,Fear City: New York vs The Mafia | Official Trailer | Netflix,8M,99만회
258,Lucifer Season 5 | Official Trailer | Netflix,8M,1357만회
259,Indian Matchmaking | Official Trailer | Netflix,8M,88만회
260,Jack Whitehall: I'm Only Joking | Official Trailer | Netflix,8M,9.9만회
261,The Umbrella Academy Season 2 | Official Trailer | Netflix,8M,831만회
262,Love on the Spectrum | Official Trailer | Netflix,8M,63만회
263,The Claudia Kishi Club | Official Trailer | Netflix,8M,15만회
264,Street Food: Latin America | Official Trailer | Netflix,8M,29만회
265,Transformers: War For Cybertron Trilogy - Siege | Official Trailer | Netflix,8M,248만회
266,Father Soldier Son | Official Trailer | Netflix,8M,45만회
267,Fatal Affair Starring Nia Long + Omar Epps | Official Trailer | Netflix,8M,141만회
268,The Speed Cubers | Official Trailer | Netflix,8M,45만회
269,Mucho Mucho Amor: The Legend of Walter Mercado | Official Trailer | Netflix,8M,63만회
270,Down to Earth with Zac Efron | Official Trailer | Netflix,8M,238만회
271,Jim Jefferies: 'Intolerant' | Official Trailer | Netflix,8M,13만회
272,Stateless | Official Trailer | Netflix,8M,194만회
273,Southern Survival | Official Trailer | Netflix,8M,11만회
274,Unsolved Mysteries | Official Trailer | Netflix,8M,192만회
275,OVER THE MOON | Official Trailer #1 | A Netflix/Pearl Studio Production,8M,233만회
276,Homemade | Official Trailer | Netflix,8M,24만회
277,How to Sell Drugs Online (Fast) Season 2 | Official Trailer | Netflix,8M,34만회
278,Eric Andre: Legalize Everything | Official Trailer | Netflix,8M,12만회
279,Lost Bullet I Official Trailer I Netflix,9M,130만회
280,George Lopez: We'll Do It For Half | Standup Comedy Special | Official Trailer | Netflix,9M,21만회
281,Athlete A | Official Trailer | Netflix,9M,198만회
282,Desperados | Official Trailer | Netflix,9M,169만회
283,Say I Do | Official Trailer | Netflix,9M,20만회
284,Warrior Nun | Official Trailer | Netflix,9M,406만회
285,Under the Riccione Sun | Official Trailer | Netflix,9M,110만회
286,The Protector Season 4 | Official Trailer | Netflix,9M,59만회
287,Nobody Knows I'm Here | Official Trailer | Netflix,9M,96만회
288,The Order Season 2 | Official Trailer | Netflix,9M,99만회
289,The Politician: Season 2 | Official Trailer | Netflix,9M,41만회
290,Crazy Delicious | Official Trailer | Netflix,9M,13만회
291,Floor is Lava | Official Trailer | Netflix,9M,90만회
292,Babies Part 2 | Official Trailer | Netflix,9M,10만회
293,Dark Season 3 | Official Trailer | Netflix,9M,390만회
294,Dating Around: Season 2 | Official Trailer | Netflix,9M,8.2만회
295,Mr. Iglesias Part 2 | Official Trailer | Netflix,9M,11만회
296,Feel the Beat | Official Trailer | Netflix,9M,532만회
297,EUROVISION SONG CONTEST: The Story Of Fire Saga | Official Trailer | Netflix,9M,339만회
298,Wasp Network | Official Trailer | Netflix,9M,101만회
299,CURON | Official Trailer | Netflix,9M,94만회
300,Japan Sinks: 2020 | Official Trailer | Netflix,9M,140만회
301,F is for Family Season 4 | Official Trailer | Netflix,9M,64만회
302,Jo Koy: In His Elements | Official Trailer | Comedy Special | Netflix,9M,23만회
303,Lenox Hill | Official Trailer | Netflix,9M,68만회
304,Spelling the Dream | Official Trailer | Netflix,9M,14만회
305,Queer Eye: Season 5 | Official Trailer | Netflix,9M,49만회
306,The Old Guard | Official Trailer | Netflix,9M,863만회
307,Baki: The Great Raitai Tournament Saga | Official Trailer | Netflix,9M,76만회
308,13 Reasons Why: Final Season | Official Trailer | Netflix,9M,569만회
309,The Last Days of American Crime | Official Trailer | Netflix,10M,233만회
310,SWEET MAGNOLIAS | Official Trailer | Netflix,10M,86만회
311,Space Force | Official Trailer | Netflix,10M,270만회
312,Da 5 Bloods | Official Trailer | Netflix,10M,287만회
313,Blood & Water | Season 1 | Official Trailer | Netflix,10M,101만회
314,Somebody Feed Phil: Season 3 | Official Trailer | Netflix,10M,9.5만회
315,Snowpiercer | Official Trailer | Netflix,10M,261만회
316,Jeffrey Epstein: Filthy Rich | Official Trailer | Netflix,10M,198만회
317,Farewell Season: Fuller House | Official Trailer | Netflix,10M,167만회
318,The Woods | Official Trailer | Netflix,10M,52만회
319,Hannah Gadsby: Douglas | Official Trailer | Netflix,10M,22만회
320,I'm No Longer Here | Official Trailer | Netflix,10M,51만회
321,Ben Platt Live from Radio City Music Hall | Official Trailer | Netflix,10M,13만회
322,Control Z | Official Trailer | Netflix,10M,275만회
323,Selling Sunset | Season 2 Official Trailer | Netflix,10M,29만회
324,Patton Oswalt: I Love Everything | Official Trailer | Netflix Standup Comedy Special,10M,10만회
325,The Big Flower Fight | Season One Official Trailer | Netflix,10M,24만회
326,Becoming | Official Trailer | Netflix,10M,97만회
327,Have A Good Trip | Official Trailer | Netflix,10M,100만회
328,Trial by Media | Official Trailer | Netflix,10M,23만회
329,Jerry Seinfeld: 23 Hours to Kill | Official Trailer | Netflix,10M,35만회
330,Magic for Humans - Season 3 | Official Trailer | Netflix,10M,6.6만회
331,Unbreakable Kimmy Schmidt: Kimmy vs. The Reverend | Interactive Special Official Trailer | Netflix,10M,33만회
332,Dead to Me Season 2 | Official Trailer | Netflix,10M,75만회
333,Into the Night I Official Trailer I Netflix,10M,233만회
334,"Coronavirus, Explained | Official Trailer | Netflix",10M,65만회
335,A Secret Love | Official Trailer | Netflix,10M,119만회
336,WHITE LINES | Official Trailer | Netflix,10M,250만회
337,All Day and A Night Starring Jeffrey Wright & Ashton Sanders | Official Trailer | Netflix,10M,97만회
338,The Wrong Missy | Official Trailer | Netflix,10M,263만회
339,HOLLYWOOD | Official Trailer | Netflix,10M,298만회
340,The Lovebirds | Issa Rae & Kumail Nanjiani | Official Trailer | Netflix,10M,64만회
341,Never Have I Ever | Official Trailer | Netflix,11M,665만회
342,MURDER TO MERCY: THE CYNTOIA BROWN STORY | Official Trailer | Netflix,11M,53만회
343,Nadiya’s Time to Eat Season 1 | Official Trailer | Netflix,11M,26만회
344,Summertime | Official Trailer | Netflix,11M,210만회
345,The Eddy | Official Trailer | Netflix,11M,48만회
346,Valeria | Official Trailer | Netflix,11M,46만회
347,Circus of Books | Official Trailer | Netflix,11M,27만회
348,Dangerous Lies starring Camila Mendes | Official Trailer | Netflix,11M,294만회
349,Too Hot To Handle | Season 1 | Official Trailer | Netflix,11M,301만회
350,The Half of It | Official Trailer | Netflix,11M,868만회
351,After Life | Season 2 Official Trailer | Netflix,11M,61만회
352,Middleditch & Schwartz | Official Trailer | Netflix Improv Comedy Specials,11M,15만회
353,Extraction | Official Trailer | Screenplay by JOE RUSSO Directed by SAM HARGRAVE | Netflix,11M,1440만회
354,The Midnight Gospel | Official Trailer | Netflix,11M,217만회
355,Love 101 | Official Trailer | Netflix,11M,144만회
356,Chris D'Elia : No Pain | Official Trailer | Netflix,11M,12만회
357,The Innocence Files | Official Trailer | Netflix,11M,37만회
358,Fauda: Season 3 | Official Trailer | Netflix,11M,44만회
359,LA Originals | Official Trailer | Netflix,11M,44만회
360,Love Wedding Repeat | Official Trailer | Netflix,11M,429만회
361,Nicky Jam: El Ganador | Official Trailer | Netflix,11M,23만회
362,Outer Banks | Official Trailer | Netflix,11M,405만회
363,Brews Brothers | Official Trailer | Netflix,11M,17만회
364,Tigertail - A Film by Alan Yang | Official Trailer | Netflix,11M,69만회
365,#blackAF | Official Trailer | Netflix,11M,79만회
366,Earth and Blood | Official Trailer | Netflix,11M,92만회
367,The Iliza Shlesinger Sketch Show | Official Trailer | Netflix Comedy Series,11M,21만회
368,Coffee & Kareem starring Ed Helms & Taraji P Henson | Official Trailer | Netflix,11M,148만회
369,The Willoughbys | Official Trailer | Netflix,11M,187만회
370,Masameer: The Movie | Official Trailer | Netflix,1Y,12만회
371,Nailed It! | Season 4 Official Trailer | Netflix,1Y,12만회
372,7Seeds Part 2 | Official Trailer | Netflix,1Y,11만회
373,CRIP CAMP: A DISABILITY REVOLUTION | Official Trailer | Netflix | Documentary,1Y,62만회
374,CRIP CAMP: A DISABILITY REVOLUTION | Official Trailer | Netflix | Documentary | Audio Description,1Y,2만회
375,"Tiger King: Murder, Mayhem and Madness | Official Trailer | Netflix",1Y,665만회
376,Altered Carbon: Resleeved | Official Trailer | Netflix,1Y,117만회
377,Uncorked | Official Trailer | Netflix,1Y,64만회
378,Bert Kreischer: Hey Big Boy | Official Trailer | Netflix,1Y,21만회
379,Money Heist: Part 4 | Official Trailer | Netflix,1Y,1107만회
380,Ozark Season 3 | Official Trailer | Netflix,1Y,224만회
381,The English Game | Official Trailer | Netflix,1Y,87만회
382,Elite: Season 3 | Official Trailer | Netflix,1Y,242만회
383,GO KARTS | Official Trailer | Netflix,1Y,87만회
384,Dirty Money Season 2 | Official Trailer | Netflix,1Y,39만회
385,Marc Maron: End Times Fun | Official Trailer | Netflix Stand-Up Comedy Special,1Y,15만회
386,The Letter for the King | Official Trailer | Netflix,1Y,137만회
387,Self Made: Inspired by the Life of Madam C.J. Walker | Official Trailer | Netflix,1Y,98만회
388,Ugly Delicious 2 | Official Trailer | Netflix,1Y,16만회
389,Ultras | Official Trailer | Netflix,1Y,99만회
390,Six Windows In The Desert | Official Trailer | Netflix (Feb 27),1Y,12만회
391,Paradise PD: Season 2 | Official Trailer | Netflix,1Y,57만회
392,Freud | Official Trailer | Netflix,1Y,166만회
393,The Trials of Gabriel Fernandez | Official Trailer | Netflix,1Y,283만회
394,Feel Good | Official Trailer | Netflix,1Y,115만회
395,Formula 1: Drive To Survive Season 2 | Official Trailer | Netflix,1Y,81만회
396,Castlevania Season 3 | Official Trailer | Netflix,1Y,216만회
397,The Protector: Season 3 | Official Trailer | Netflix,1Y,67만회
398,Pete Davidson: Alive From New York | Official Trailer | Netflix Standup Comedy Special,1Y,47만회
399,BABIES | Official Trailer | Netflix,1Y,410만회
400,All the Bright Places starring Elle Fanning & Justice Smith | Official Trailer | Netflix,1Y,361만회
401,MISS AMERICANA | Official Trailer | Netflix,1Y,28만회
402,Love is Blind | Official Trailer | Netflix,1Y,203만회
403,QUEEN SONO | Official Trailer | Netflix,1Y,281만회
404,Ghost in the Shell: SAC_2045 | Official Trailer | Netflix,1Y,34만회
405,Followers | Official Trailer | Netflix,1Y,21만회
406,The Last Thing He Wanted | Official Trailer | Anne Hathaway & Ben Affleck New Movie | Netflix,1Y,274만회
407,The Pharmacist | Official Trailer | Netflix,1Y,85만회
408,Gentefied | Official Trailer | Netflix,1Y,51만회
409,Horse Girl | Official Trailer | Netflix,1Y,264만회
410,Spenser Confidential - Mark Wahlberg | Official Trailer | Netflix Film,1Y,559만회
411,LOST GIRLS | Official Trailer | Netflix,1Y,170만회
412,The Stranger | Official Trailer | Netflix,1Y,245만회
413,Chilling Adventures of Sabrina Part 3 | Official Trailer | Netflix,1Y,268만회
414,Sergio | Official Trailer | Netflix,1Y,213만회
415,Night on Earth | Official Trailer | Netflix,1Y,54만회
416,The Ranch: Part 8 | Official Trailer | Netflix,1Y,50만회
417,Fortune Feimster: Sweet & Salty | Official Trailer | Netflix,1Y,8.6만회
418,Ragnarok | Official Trailer | Netflix,1Y,558만회
419,October Faction | Season 1 Official Trailer | Netflix,1Y,113만회
420,Locke & Key | Official Trailer | Netflix,1Y,512만회
421,Leslie Jones: Time Machine | Official Trailer | Netflix,1Y,8.9만회
422,Sex Education: Season 2 | Official Trailer | Netflix,1Y,996만회
423,Cheer | Official Trailer | Netflix,1Y,238만회
424,Grace and Frankie Season 6 | Official Trailer | Netflix,1Y,83만회
425,Giri / Haji | Official Trailer | Netflix,1Y,49만회
426,Jamtara | Official Trailer | Netflix,1Y,172만회
427,Medical Police | Official Trailer | Netflix,1Y,52만회
428,Anne With An E | Season 3 Official Trailer | Netflix,1Y,105만회
429,The Degenerates Season 2 | Official Trailer | Netflix,1Y,3.3만회
430,John Mulaney & The Sack Lunch Bunch | Official Trailer | Netflix,1Y,59만회
431,YOU S2 | Official Trailer | Netflix,1Y,540만회
432,Virgin River | Official Trailer | Netflix,1Y,162만회
433,Spinning Out | Official Trailer | Netflix,1Y,265만회
434,The Circle - A Netflix Reality-Competition | Official Trailer | Netflix,1Y,79만회
435,The App | Official Trailer | Netflix,1Y,48만회
436,AJ and the Queen | Official Trailer | Netflix,1Y,121만회
437,Don't F**k With Cats: Hunting an Internet Killer | Official Trailer | Netflix,1Y,326만회
438,Soundtrack | Official Trailer | Netflix,1Y,56만회
439,Messiah | Season 1 Official Trailer | Netflix,1Y,490만회
440,Tiffany Haddish: Black Mitzvah | Official Trailer | Netflix,1Y,17만회
441,Gregory | Official Trailer | Netflix,1Y,41만회
442,Astronomy Club: The Sketch Show | Official Trailer | Netflix,1Y,8.9만회
443,Fuller House Season 5 - PART A | Official Trailer | Netflix,1Y,95만회
444,A Christmas Prince 3: The Royal Baby | Official Trailer | Netflix,1Y,218만회
445,V Wars | Official Trailer | Netflix,1Y,311만회
446,Home For Christmas | Official Trailer | Netflix,1Y,32만회
447,Magic for Humans: Season 2 | Official Trailer | Netflix,1Y,14만회
448,The Confession Killer | Official Trailer | Netflix,1Y,57만회
449,The Neighbor | Official Trailer | Netflix,1Y,47만회
450,Sugar Rush Christmas | Official Trailer | Netflix,1Y,5.5만회
451,Holiday Rush | Official Trailer | Netflix,1Y,31만회
452,Maradona in Mexico | Official Trailer | Netflix,1Y,14만회
453,Singapore Social | Official Trailer | Netflix,1Y,18만회
454,"BIKRAM: YOGI, GURU, PREDATOR | Official Trailer | Netflix",1Y,62만회
455,The Knight Before Christmas starring Vanessa Hudgens | Official Trailer | Netflix,1Y,133만회
456,Iliza: Unveiled | Official Trailer | Netflix,1Y,17만회
457,The Two Popes | Official Trailer | Netflix,1Y,276만회
458,Merry Happy Whatever | Official Trailer | Netflix,1Y,34만회
459,Jeff Garlin: Our Man In Chicago | Official Trailer | Netflix,1Y,4.6만회
460,The Stranded | Official Trailer [HD] | Netflix,1Y,57만회
461,Levius | Official Trailer | Netflix,1Y,19만회
462,The Disastrous Life of Saiki K.: Reawakened | Official Trailer | Netflix,1Y,80만회
463,Let It Snow | Official Trailer | Netflix,1Y,241만회
464,Let It Snow | Official Trailer | Netflix,1Y,241만회
465,I’m With The Band: Nasty Cherry | Official Trailer | Netflix,1Y,17만회
466,We Are The Wave | Official Trailer | Netflix,1Y,39만회
467,Kerry Washington | American Son | Official Trailer | Netflix,1Y,97만회
468,Marriage Story | Official Trailer | Netflix,1Y,566만회
469,Atypical Season 3 | Official Trailer | Netflix,1Y,64만회
470,Holiday in the Wild | Official Trailer | Rob Lowe & Kristin Davis Go Wild This Christmas | Netflix,1Y,72만회
471,The Man Without Gravity | Official Trailer | Netflix,1Y,81만회
472,Rattlesnake | Official Trailer | Netflix,1Y,155만회
473,Prank Encounters | Official Trailer | Netflix,1Y,32만회
474,Dancing With The Birds | Official Trailer | Netflix,1Y,23만회
475,Earthquake Bird  | Official Trailer | Netflix,1Y,75만회
476,Tell Me Who I Am | Official Trailer | Netflix,1Y,96만회
477,Queer Eye: We're In Japan! | Official Trailer | Netflix,1Y,47만회
478,Jenny Slate: Stage Fright | Official Trailer | Netflix,1Y,16만회
479,Klaus | Official Trailer | Netflix,1Y,409만회
480,Nowhere Man | Official Trailer | Netflix,1Y,22만회
481,The Kominsky Method: Season 2 | Official Trailer | Netflix,1Y,11만회
482,Eli | Official Trailer | Netflix,1Y,377만회
483,6 Underground starring Ryan Reynolds | Official Trailer | Netflix,1Y,1084만회
484,The Hook Up Plan Season 2 | Official Trailer | Netflix,1Y,12만회
485,Wounds | Official Trailer | Netflix,1Y,74만회
486,Haunted Season 2 | Official Trailer | Netflix,1Y,16만회
487,Deon Cole: Cole Hearted | Official Trailer | Netflix,1Y,13만회
488,The Irishman | Official Trailer | Netflix,1Y,909만회
489,El Camino: A Breaking Bad Movie | Official Trailer | Netflix,1Y,1953만회
490,FRACTURED | Official Trailer | CAN YOU SOLVE THE MYSTERY? | Netflix,1Y,138만회
491,Rotten Season 2 | Official Trailer | Netflix,1Y,28만회
492,Baby S2 | Official Trailer | Netflix,1Y,59만회
493,Nikki Glaser: Bangin’ | Official Trailer | Netflix,1Y,23만회
494,Raising Dion | Official Trailer | Netflix,1Y,205만회
495,In the Tall Grass | Official Trailer | Netflix,1Y,468만회
496,From Executive Producer Selena Gomez | Living Undocumented | Official Trailer,1Y,26만회
497,Big Mouth: Season 3 | Official Trailer | Netflix,1Y,351만회
498,In the Shadow of the Moon | Official Trailer | Netflix,1Y,276만회
499,"Hello, Privilege. It's Me, Chelsea | Official Trailer | Netflix",1Y,29만회
500,Between Two Ferns: The Movie | Official Trailer | Netflix,1Y,418만회
501,The Chef Show: Volume 2 | Official Trailer | Netflix,1Y,11만회
502,Bill Burr: Paper Tiger | Official Trailer | Netflix,1Y,113만회
503,Tall Girl | Official Trailer | Netflix,1Y,612만회
504,Inside Bill's Brain: Decoding Bill Gates | Official Trailer | Netflix,1Y,310만회
505,The Laundromat | Official Trailer | Netflix,1Y,283만회
506,The Spy – starring Sacha Baron Cohen | Official Trailer | Netflix,1Y,271만회
507,Jack Whitehall: Travels with My Father | Official Trailer [HD] | Netflix,1Y,20만회
508,Skylines | Official Trailer | Netflix,1Y,65만회
509,The Ranch: Part 7 | Official Trailer | Netflix,1Y,69만회
510,Bard of Blood | Official Trailer | Netflix,1Y,357만회
511,Elite Season 2 | Official Trailer | Netflix,1Y,312만회
512,Cannon Busters | Official Trailer | Netflix,1Y,48만회
513,Invader Zim: Enter the Florpus | Official Trailer | Netflix,1Y,194만회
514,Styling Hollywood | Official Trailer | Netflix,1Y,7.4만회
515,Falling Inn Love Starring Christina Milian | Official Trailer | Netflix,1Y,592만회
516,American Factory | Official Trailer | Netflix,1Y,169만회
517,Dolemite Is My Name | Official Trailer | Netflix,1Y,532만회
518,Tiffany Haddish Presents: They Ready | Official Trailer | Netflix,1Y,22만회
519,Love Alarm | Official Trailer | Netflix,1Y,220만회
520,MINDHUNTER | Season 2 | Official Trailer,1Y,176만회
521,Green Frontier | Official Trailer | Netflix,1Y,21만회
522,Enter The Anime | Official Trailer | Netflix,1Y,19만회
523,Happy Jail | Official Trailer | Netflix,1Y,24만회
524,Sextuplets | Official Trailer | Netflix,1Y,286만회
525,Hyperdrive | Official Trailer | Netflix,1Y,105만회
526,"The Family: It's Not About Faith, It's About Power | Official Trailer | Netflix",1Y,86만회
527,The Naked Director | Official Trailer 2 | Netflix,1Y,41만회
528,Wu Assassins | Official Trailer | Netflix,1Y,209만회
529,Diagnosis: From The New York Times Column | Official Trailer | Netflix,1Y,20만회
530,Dear White People | Season 3 Official Trailer | Netflix,1Y,43만회
531,Whitney Cummings: Can I Touch It? | Official Trailer | Netflix,1Y,19만회
532,Unbelievable | Official Trailer | Netflix,1Y,559만회
533,The Red Sea Diving Resort | Official Trailer | Netflix,1Y,447만회
534,My First First Love: Season 2 | Official Trailer | Netflix,1Y,42만회
535,Another Life - Katee Sackhoff | Official Trailer | Netflix,1Y,140만회
536,The Great Hack | Official Trailer | Netflix,1Y,439만회
537,Otherhood | Official Trailer | Netflix,1Y,142만회
538,Last Chance U: INDY Part 2 | Official Trailer | Netflix,1Y,19만회
539,Saint Seiya: Knights of the Zodiac | Official Trailer | Netflix,1Y,56만회
540,Queer Eye: Season 4 | Official Trailer | Netflix,1Y,51만회
541,Secret Obsession | Official Trailer | Netflix,1Y,477만회
542,"Frankenstein's Monster's Monster, Frankenstein | Official Trailer | Netflix",1Y,57만회
543,Typewriter | Official Trailer | Netflix,1Y,153만회
544,Kengan Ashura | Official Trailer | Netflix,1Y,129만회
545,Point Blank | Official Trailer | Netflix,1Y,361만회
546,Katherine Ryan: Glitter Room | Official Trailer [HD] | Netflix,1Y,9.9만회
547,The Chosen One | Official Trailer | Netflix,1Y,36만회
548,Aggretsuko: Season 2 | Official Trailer | Netflix,1Y,64만회
549,The Edge of Democracy | Official Trailer | Netflix,1Y,75만회
550,Money Heist: Part 3 | Official Trailer | Netflix,1Y,773만회
551,Life Overtakes Me | Official Trailer | Netflix,1Y,33만회
552,Miranda Sings Live: Your Welcome | Official Trailer | Netflix,1Y,16만회
553,7SEEDS | Official Trailer | Netflix,1Y,61만회
554,Historical Roasts with Jeff Ross | Official Trailer | Netflix,1Y,13만회
555,"Black Mirror: Rachel, Jack and Ashley Too | Official Trailer | Netflix",1Y,228만회
556,Black Mirror: Smithereens | Official Trailer | Netflix,1Y,82만회
557,The Chef Show | Official Trailer | Netflix,1Y,93만회
558,"1994: Power, Rebellion and Crime in Mexico | Official Trailer | Netflix",1Y,5.5만회
559,Wanda Sykes: Not Normal | Official Trailer [HD] | Netflix,1Y,19만회
560,Leila | Official Trailer [HD] | Netflix,1Y,185만회
561,High Seas | Official Trailer | Netflix,1Y,16만회
562,Killer Ratings | Official Trailer | Netflix,1Y,32만회
563,Beats - A Netflix Film | Official Trailer,1Y,174만회
564,3% | Season 3 | Official Trailer | Netflix,1Y,38만회
565,A Tale of Two Kitchens | Official Trailer | Netflix,1Y,7.6만회
566,What/If with Renée Zellweger | Official Trailer | Netflix,1Y,212만회
567,After Maria | Official Trailer | Netflix,1Y,16만회
568,I AM MOTHER | Official Trailer | Netflix,1Y,431만회
569,She’s Gotta Have It: Season 2 | Official Trailer [HD] | Netflix,1Y,58만회
570,Rim of the World | Official Trailer [HD] | Netflix,1Y,395만회
571,Designated Survivor: Season 3 | Official Trailer | Netflix [HD],1Y,112만회
572,IT’S BRUNO Season 1 | Official Trailer [HD] | Netflix,1Y,35만회
573,The Mechanism | Season 2 – Official Trailer [HD] | Netflix,1Y,3.8만회
574,Good Sam | Official Trailer [HD] | Netflix,1Y,111만회
575,ReMastered: The Lion's Share | Official Trailer | Netflix,1Y,8.4만회
576,Easy - Season 3 | Official Trailer [HD] | Netflix,1Y,30만회
577,Jailbirds | Official Trailer | Netflix,1Y,24만회
578,Lucifer | Season 4 Official Trailer [HD] | Netflix,1Y,614만회
579,Despite Everything | Official Trailer | Netflix,1Y,92만회
580,All In My Family | Official Trailer [HD] | Netflix,1Y,19만회
581,ReMastered: Devil at the Crossroads | Official Trailer [HD] | Netflix,1Y,82만회
582,BONDiNG | Official Trailer | Netflix,1Y,161만회
583,Knock Down The House | Official Trailer | Netflix,1Y,153만회
584,See You Yesterday | Official Trailer [HD] | Netflix,1Y,237만회
585,Flinch | Official Trailer | Netflix,1Y,59만회
586,Anthony Jeselnik: Fire in the Maternity Ward | Official Trailer [HD] | Netflix,1Y,55만회
587,Tuca & Bertie | Official Trailer [HD] | Netflix,1Y,73만회
588,The Rain:Season 2 | Official Trailer | Netflix,1Y,40만회
589,Grass Is Greener | Official Trailer [HD] | Netflix,1Y,38만회
590,The Perfection | Official Trailer [HD] | Netflix,1Y,360만회
591,I Think You Should Leave with Tim Robinson | Official Trailer [HD] | Netflix,1Y,37만회
592,Wine Country | Official Trailer [HD] | Netflix,1Y,169만회
593,Selection Day | Part 2 | Official Trailer [HD],1Y,18만회
594,Street Food | Official Trailer | Netflix,1Y,130만회
595,Brené Brown: the Call to Courage | Official Trailer [HD] | Netflix,1Y,48만회
596,Chambers | Season 1 Official Trailer [HD] | Netflix,1Y,206만회
597,The Last Summer | Official Trailer [HD] | Netflix,1Y,540만회
598,My First First Love | Official Trailer [HD] | Netflix,1Y,241만회
599,Homecoming: A Film By Beyoncé | Official Trailer | Netflix,1Y,370만회
600,The Ruthless | Official Trailer [HD] | Netflix,1Y,39만회
601,"Extremely Wicked, Shockingly Evil and Vile | Official Trailer [HD] | Netflix",1Y,266만회
602,Dead to Me | Season 1 Official Trailer [HD] | Netflix,1Y,299만회
603,Undercover | Official Trailer [HD] | Netflix,1Y,65만회
604,You vs. Wild | Interactive Series ft. Bear Grylls | Official Trailer | Netflix,1Y,63만회
605,The Protector: Season 2 | Official Trailer | Netflix,1Y,99만회
606,Quicksand | Official Trailer [HD] | Netflix,1Y,102만회
607,The Perfect Date | Official Trailer [HD] | Netflix,1Y,1439만회
608,Special: Season 1 | Official Trailer [HD] | Netflix,1Y,126만회
609,Unicorn Store | Official Trailer [HD] | Netflix,1Y,279만회
610,HUGE In France | Official Trailer [HD] | Netflix,1Y,30만회
611,Who Would You Take to a Deserted Island? | Official Trailer [HD] | Netflix,1Y,41만회
612,Rilakkuma and Kaoru | Official Trailer [HD] | Netflix,1Y,85만회
613,Our Planet | Official Trailer [HD] | Netflix,2Y,228만회
614,Black Summer: Season 1 | Official Trailer [HD] | Netflix,2Y,419만회
615,Chilling Adventures of Sabrina: Part 2 | Official Trailer [HD] | Netflix,2Y,297만회
616,THE LEGEND OF COCAINE ISLAND | Official Trailer [HD] | Netflix,2Y,89만회
617,Nate Bargatze: The Tennessee Kid | Official Trailer [HD] | Netflix,2Y,14만회
618,The Disappearance of Madeleine McCann | Official Trailer [HD] | Netflix,2Y,238만회
619,Samantha!: Season 2 | Official Trailer [HD] | Netflix,2Y,9.4만회
620,Santa Clarita Diet: Season 3 | Official Trailer [HD] | Netflix,2Y,66만회
621,Delhi Crime | Official Trailer [HD] | Netflix,2Y,342만회
622,Someone Great | Official Trailer [HD] | Netflix,2Y,785만회
623,Ultraman | Official Trailer [HD] | Netflix,2Y,258만회
624,Queer Eye: Season 3 | Official Trailer [HD] | Netflix,2Y,68만회
625,Jimmy Carr: The Best of Ultimate Gold Greatest Hits | Official Trailer [HD] | Netflix,2Y,5.9만회
626,Arrested Development: Season 5 Part 2 | Official Trailer [HD] | Netflix,2Y,39만회
627,Turn Up Charlie | Official Trailer [HD] | Netflix,2Y,86만회
628,Osmosis | Official Trailer [HD] | Netflix,2Y,92만회
629,The OA: Part II | Official Trailer [HD] | Netflix,2Y,163만회
630,Amy Schumer: Growing | Official Trailer [HD] | Netflix,2Y,69만회
631,After Life | Official Trailer [HD] | Netflix,2Y,305만회
632,The Order: Season 1 | Official Trailer [HD] | Netflix,2Y,380만회
633,Losers | Official Trailer [HD] | Netflix,2Y,54만회
634,The Highwaymen | Official Trailer [HD] | Netflix,2Y,370만회
635,Formula 1: Drive to Survive | Official Trailer [HD] | Netflix,2Y,177만회
636,The Dirt | Official Trailer [HD] | Netflix,2Y,642만회
637,Most Beautiful Thing | Official Trailer [HD] | Netflix,2Y,44만회
638,LOVE DEATH + ROBOTS | Official Trailer | Netflix,2Y,592만회
639,Chef's Table: Season 6 | Official Trailer [HD] | Netflix,2Y,22만회
640,Juanita | Official Trailer [HD] | Netflix,2Y,58만회
641,Walk. Ride. Rodeo. | Official Trailer [HD] | Netflix,2Y,56만회
642,"Ken Jeong: You Complete Me, Ho | Official Trailer [HD] | Netflix",2Y,40만회
643,Larry Charles’ Dangerous World of Comedy | Official Trailer [HD] | Netflix,2Y,9.9만회
644,Dating Around | Official Trailer [HD] | Netflix,2Y,80만회
645,Big Mouth: My Furry Valentine | Official Trailer [HD] | Netflix,2Y,78만회
646,The Breaker Upperers | Official Trailer [HD] | Netflix,2Y,41만회
647,Russian Doll: Season 1 | Official Trailer #2 [HD] | Netflix,2Y,63만회
648,Nailed It! Mexico! | Official Trailer [HD] | Netflix,2Y,9.5만회
649,ReMastered | Official Trailer [HD] | Netflix,2Y,19만회
650,The Umbrella Academy | Official Trailer | Netflix,2Y,1046만회
651,"Ray Romano: Right Here, Around The Corner | Official Trailer [HD] | Netflix",2Y,8.5만회
652,Suburra: Season 2 | Official Trailer [HD] | Netflix,2Y,21만회
653,Paris is Us | Official Trailer [HD] | Netflix,2Y,41만회
654,"Gabriel ""Fluffy"" Iglesias: One Show Fits All | Official Trailer [HD] | Netflix",2Y,13만회
655,High Flying Bird | Official Trailer [HD] | Netflix,2Y,97만회
656,Unbreakable Kimmy Schmidt: Final Episodes | Official Trailer [HD] | Netflix,2Y,28만회
657,Dirty John: Season 1 | Official Trailer [HD] | Netflix,2Y,111만회
658,Black Earth Rising | Official Trailer [HD] | Netflix,2Y,56만회
659,Conversations with a Killer: The Ted Bundy Tapes | Official Trailer [HD] | Netflix,2Y,253만회
660,Paddleton | Official Trailer [HD] | Netflix,2Y,61만회
661,Club de Cuervos: Season 4 | Official Trailer [HD] | Netflix,2Y,8.1만회
662,FYRE: The Greatest Party That Never Happened | Official Trailer [HD] | Netflix,2Y,523만회
663,Marvel’s The Punisher: Season 2 | Official Trailer [HD] | Netflix,2Y,475만회
664,Velvet Buzzsaw | Official Trailer [HD] | Netflix,2Y,637만회
665,Siempre Bruja: Always a Witch | Official Trailer [HD] | Netflix,2Y,118만회
666,One Day At a Time: Season 3 | Official Trailer [HD] | Netflix,2Y,57만회
667,Trigger Warning with Killer Mike | Official Trailer [HD] | Netflix,2Y,35만회
668,IO | Official Trailer [HD] | Netflix,2Y,584만회
669,Russian Doll: Season 1 | Official Trailer | Netflix,2Y,332만회
670,Grace and Frankie: Season 5 | Official Trailer [HD] | Netflix,2Y,52만회
671,Polar | Official Trailer [HD] | Netflix,2Y,805만회
672,Sebastian Maniscalco Standup Special: Stay Hungry | Official Trailer [HD] | Netflix,2Y,18만회
673,Close | Official Trailer [HD] | Netflix,2Y,340만회
674,Kingdom | Official Trailer #2 [HD] | Netflix,2Y,588만회
675,The Last Laugh | Official Trailer [HD] | Netflix,2Y,64만회
676,Titans | Official Trailer #2 [HD] | Netflix,2Y,42만회
677,Watership Down | Official Trailer [HD] | Netflix,2Y,60만회
678,Standup and Away! with Brian Regan | Official Trailer [HD] | Netflix,2Y,6.8만회
679,COMEDIANS of the world: Standup | Official Trailer [HD] | Netflix,2Y,5.9만회
680,Kingdom | Official Trailer [HD] | Netflix,2Y,488만회
681,Alexa & Katie: Season 2 | Official Trailer [HD] | Netflix,2Y,69만회
682,7 Days Out | Official Trailer [HD] | Netflix,2Y,28만회
683,Tidying Up with Marie Kondo | Official Trailer [HD] | Netflix,2Y,353만회
684,Bird Box | Official Trailer #2 [HD] | Netflix,2Y,263만회
685,Struggle: The Life and Lost Art of Szukalski | Official Trailer [HD] | Netflix,2Y,44만회
686,Aggretsuko: We Wish You A Metal Christmas | Official Trailer [HD] | Netflix,2Y,25만회
687,A Series of Unfortunate Events: Season 3 | Official Trailer [HD] | Netflix,2Y,103만회
688,Triple Frontier | Official Trailer [HD] | Netflix,2Y,723만회
689,Baki | Official Trailer [HD] | Netflix,2Y,90만회
690,Saint Seiya: Knights of the Zodiac | Official Trailer [HD] | Netflix,2Y,91만회
691,The American Meme | Official Trailer [HD] | Netflix,2Y,33만회
692,Ellen DeGeneres: Relatable | Official Trailer [HD] | Netflix,2Y,95만회
693,Travelers: Season 3 | Official Trailer [HD] | Netflix,2Y,22만회
694,The Innocent Man | Official Trailer [HD] | Netflix,2Y,100만회
695,Neo Yokio: Pink Christmas | Official Trailer [HD] | Netflix,2Y,18만회
696,Vir Das: Losing It | Official Trailer [HD] | Netflix,2Y,26만회
697,Nailed It! Holiday! | Official Trailer [HD] | Netflix,2Y,10만회
698,ReMastered: Who Killed Jam Master Jay?: Track 3 | Official Trailer [HD] | Netflix,2Y,6.9만회
699,Russell Brand: Re:Birth | Official Trailer [HD] | Netflix,2Y,9.6만회
700,Happy as Lazarro | Official Trailer [HD] | Netflix,2Y,19만회
701,Fuller House: Season 4 | Official Trailer [HD] | Netflix,2Y,149만회
702,The Ranch: Part 6 | Official Trailer [HD] | Netflix,2Y,50만회
703,Springsteen on Broadway | Official Trailer [HD] | Netflix,2Y,67만회
704,Ultraman | Official Trailer [HD] | Netflix,2Y,258만회
705,Neon Genesis Evangelion | Official Trailer [HD] | Netflix,2Y,214만회
706,Rilakkuma and Kaoru | Official Trailer [HD] | Netflix,1Y,85만회
707,Memories of the Alhambra | Official Trailer [HD] | Netflix,2Y,294만회
708,Perfume | Official Trailer [HD] | Netflix,2Y,107만회
709,Bumping Mics with Jeff Ross & Dave Attell | Official Trailer [HD] | Netflix,2Y,9.8만회
710,Pine Gap: Season 1 | Official Trailer [HD] | Netflix,2Y,17만회
711,Death by Magic | Official Trailer [HD] | Netflix,2Y,19만회
712,The Fix | Official Trailer [HD] | Netflix,2Y,6.8만회
713,A Christmas Prince: The Royal Wedding | Official Trailer [HD] | Netflix,2Y,229만회
714,"Out of Many, One | Official Trailer [HD] | Netflix",2Y,6.1만회
715,F Is For Family: Season 3 | Official Trailer [HD] | Netflix,2Y,117만회
716,Frontier: Season 3 | Official Trailer [HD] | Netflix,2Y,17만회
717,Dumplin' | Official Trailer [HD] | Netflix,2Y,395만회
718,The Protector | Official Trailer [HD] | Netflix,2Y,487만회
719,Mystery Science Theater 3000: The Gauntlet | Official Trailer [HD] | Netflix,2Y,17만회
720,The Hook Up Plan | Official Trailer [HD] | Netflix,2Y,81만회
721,Cam | Official Trailer [HD] | Netflix,2Y,262만회
722,Mowgli: Legend of the Jungle | Official Trailer [HD] | Netflix,2Y,810만회
723,The Princess Switch | Official Trailer [HD] | Netflix,2Y,543만회
724,1983 | Official Trailer [HD] | Netflix,2Y,82만회
725,Loudon Wainwright III: Surviving Twin | Official Trailer [HD] | Netflix,2Y,3.9만회
726,Follow This: Part Three | Official Trailer [HD] | Netflix,2Y,4.2만회
727,Vai Anitta | Official Trailer [HD] | Netflix,2Y,28만회
728,The Christmas Chronicles | Official Trailer | Netflix,2Y,303만회
729,Brainchild | Official Trailer [HD] | Netflix,2Y,49만회
730,ReMastered Track 2: Tricky Dick and The Man In Black | Official Trailer [HD] | Netflix,2Y,6만회
731,Don't Watch This | Official Trailer [HD] | Netflix,2Y,19만회
732,Dogs | Official Trailer [HD] | Netflix,2Y,149만회
733,Diablero | Official Trailer [HD] | Netflix,2Y,61만회
734,John Leguizamo's Latin History For Morons | Official Trailer [HD] | Netflix,2Y,36만회
735,Outlaw King | Official Trailer #2 [HD] | Netflix,2Y,94만회
736,Bird Box | Official Trailer [HD] | Netflix,2Y,2439만회
737,Hip-Hop Evolution: Season 2 | Official Trailer [HD] | Netflix,2Y,10만회
738,The Holiday Calendar | Official Trailer [HD] | Netflix,2Y,122만회
739,Super Drags: Red Band Slayage | Official Trailer [HD] | Netflix,2Y,109만회
740,The Degenerates | Official Trailer [HD] | Netflix,2Y,8만회
741,The Final Table | Official Trailer [HD] | Netflix,2Y,30만회
742,ADAM SANDLER: 100% FRESH | Official Trailer [HD] | Netflix,2Y,34만회
743,Bodyguard | Official Trailer [HD] | Netflix,2Y,524만회
744,Derren Brown: Sacrifice | Official Trailer [HD] | Netflix,2Y,24만회
745,Westside | Official Trailer [HD] | Netflix,2Y,24만회
746,Best. Worst. Weekend. Ever. | Official Trailer [HD] | Netflix,2Y,10만회
747,Haunted | Official Trailer [HD] | Netflix,2Y,56만회
748,The Night Comes For Us | Official Trailer [HD] | Netflix,2Y,309만회
749,Warrior | Official Trailer [HD] | Netflix,2Y,55만회
750,Making A Murderer: Part 2 | Official Trailer [HD] | Netflix,2Y,77만회
751,House of Cards: Season 6 | Official Trailer [HD] | Netflix,2Y,118만회
752,FIGHTWORLD | Official Trailer [HD] | Netflix,2Y,55만회
753,Patriot Act with Hasan Minhaj | Official Trailer [HD] | Netflix,2Y,24만회
754,Medal of Honor | Official Trailer [HD] | Netflix,2Y,274만회
755,Marvel’s Daredevil: Season 3 | Official Trailer [HD] | Netflix,2Y,543만회
756,Feminists: What Were They Thinking? | Official Trailer [HD] | Netflix,2Y,23만회
757,Salt Fat Acid Heat | Official Trailer [HD] | Netflix,2Y,76만회
758,ReMastered: Who Shot the Sheriff? | Official Trailer [HD] | Netflix,2Y,20만회
759,Malevolent | Official Trailer [HD] | Netflix,2Y,199만회
760,Been So Long | Official Trailer [HD] | Netflix,2Y,51만회
761,The Curious Creations of Christine McConnell | Official Trailer [HD] | Netflix,2Y,107만회
762,Dancing Queen | Official Trailer [HD] | Netflix,2Y,15만회
763,Follow This: Part Two | Official Trailer [HD] | Netflix,2Y,3.4만회
764,Little Things | Official Trailer [HD] | Netflix,2Y,89만회
765,Mo Amer: The Vagabond | Official Trailer [HD] | Netflix,2Y,12만회
766,Wild District | Official Trailer [HD] | Netflix,2Y,20만회
767,Wanderlust | Official Trailer [HD] | Netflix,2Y,50만회
768,They'll Love Me When I'm Dead | Official Trailer [HD] | Netflix,2Y,44만회
769,Battlefish | Official Trailer [HD] | Netflix,2Y,8.9만회
770,Lessons From A School Shooting: Notes From Dunblane | Official Trailer [HD] | Netflix,2Y,10만회
771,Shirkers | Official Trailer [HD] | Netflix,2Y,46만회
772,Apostle | Official Trailer [HD] | Netflix,2Y,396만회
773,Chef's Table: Season 5 | Official Trailer [HD] | Netflix,2Y,27만회
774,Car Masters: Rust to Riches | Official Trailer [HD] | Netflix,2Y,21만회
775,Private Life | Official Trailer [HD] | Netflix,2Y,107만회
776,Travels With My Father: Season 2 | Official Trailer [HD] | Netflix,2Y,20만회
777,The Ballad of Buster Scruggs | Official Trailer [HD] | Netflix,2Y,449만회
778,Elite | Official Trailer | Netflix,2Y,1042만회
779,Norm Macdonald Has a Show | Official Trailer [HD] | Netflix,2Y,32만회
780,Quincy | Official Trailer [HD] | Netflix,2Y,40만회
781,Reversing Roe | Official Trailer [HD] | Netflix,2Y,27만회
782,BoJack Horseman: Season 5 | Official Trailer [HD] | Netflix,2Y,136만회
783,Made In Mexico | Official Trailer [HD] | Netflix,2Y,43만회
784,22 JULY | Official Trailer [HD] | Netflix,2Y,318만회
785,Boca Juniors Confidencial | Official Trailer [HD] | Netflix,2Y,7.8만회
786,Ultimate Beastmaster: Survival Of The Fittest | Official Trailer #2 [HD] | Netflix [CC],2Y,3.2만회
787,The Other Side of the Wind | Official Trailer [HD] | Netflix,2Y,65만회
788,Daniel Sloss: Live Shows | Stand-up Special Official Trailer [HD] | Netflix,2Y,26만회
789,The Land of Steady Habits | Official Trailer [HD] | Netflix,2Y,59만회
790,Explained | Official Trailer [HD] | Netflix,2Y,37만회
791,The Comedy Lineup: Stand-up Special | Official Trailer #2 [HD] | Netflix,2Y,3.1만회
792,Hold The Dark | Official Trailer [HD] | Netflix,2Y,482만회
793,Ingobernable: Season 2 | Official Trailer [HD] | Netflix,2Y,15만회
794,Cable Girls: Season 3 | Official Trailer [HD] | Netflix,2Y,30만회
795,American Vandal: Season 2 | Official Trailer [HD] | Netflix,2Y,193만회
796,Atypical: Season 2 | Official Trailer [HD] | Netflix,2Y,74만회
797,Outlaw King | Official Trailer [HD] | Netflix,2Y,612만회
798,Marvel’s Iron Fist: Season 2 | Official Trailer [HD] | Netflix,2Y,411만회
799,Follow This: From BuzzFeed and Netflix | Official Trailer [HD] | Netflix,2Y,13만회
800,The Angel | Official Trailer [HD] | Netflix,2Y,155만회
801,Bert Kreischer: Secret Time | Official Trailer [HD] | Netflix,2Y,33만회
802,City of Joy | Official Trailer [HD] | Netflix,2Y,56만회
803,Magic For Humans | Official Trailer [HD] | Netflix,2Y,40만회
804,Stay Here | Official Trailer [HD] | Netflix,2Y,18만회
805,The Package | Official Trailer #2 [HD] | Netflix,2Y,53만회
806,The Innocents: Little Secrets | Official Trailer #2 [HD] | Netflix,2Y,62만회
807,Zion | Official Trailer [HD] | Netflix,2Y,48만회
808,The After Party | Official Trailer [HD] | Netflix,2Y,225만회
809,Maniac | Official Trailer | Netflix,2Y,625만회
810,The Good Cop | Official Trailer [HD] | Netflix,2Y,64만회
811,Castlevania: Season 2 | Official Trailer [HD] | Netflix,2Y,170만회
812,Paradise PD | Official Trailer [HD] | Netflix,2Y,139만회
813,Insatiable | Official Trailer | Netflix,2Y,1064만회
814,Dark Tourist | Official Trailer [HD] | Netflix,2Y,164만회
815,Iliza: Elder Millennial | Official Trailer [HD] | Netflix,2Y,44만회
816,Duck Duck Goose | Official Trailer [HD] | Netflix,2Y,25만회
817,The Package | Official Trailer #1  [HD] | Netflix,2Y,228만회
818,Sierra Burgess Is A Loser | Official Trailer [HD] | Netflix,2Y,737만회
819,Extinction | Official Trailer [HD] | Netflix,2Y,627만회
820,Ghoul | Official Trailer [HD] | Netflix,2Y,475만회
821,Orange is the New Black: Season 6 | Official Trailer [HD] | Netflix,2Y,341만회
822,Jim Jefferies: This Is Me Now | Official Trailer [HD] | Netflix,2Y,14만회
823,White Fang | Official Trailer [HD] | Netflix,2Y,86만회
824,Sugar Rush | Official Trailer [HD] | Netflix,2Y,20만회
825,Father of the Year | Official Trailer [HD] | Netflix,2Y,145만회
826,The Guernsey Literary and Potato Peel Pie Society | Official Trailer [HD] | Netflix,2Y,154만회
827,The Legacy of a Whitetail Deer Hunter | Official Trailer [HD] | Netflix,2Y,57만회
828,Samantha! | Official Trailer [HD] | Netflix,2Y,42만회
829,How It Ends | Official Trailer [HD] | Netflix,2Y,904만회
830,The Comedy Lineup: Stand-up Special | Official Trailer [HD] | Netflix,2Y,4.4만회
831,Flavors of Youth | Official Trailer [HD] | Netflix,2Y,271만회
832,Nailed It! Season 2 |  Official Trailer [HD] | Netflix,2Y,13만회
833,TAU | Official Trailer [HD] | Netflix,2Y,221만회
834,Last Chance U: Season 3 | Official Trailer [HD] | Netflix,2Y,53만회
835,Like Father | Official Trailer [HD] | Netflix,2Y,194만회
836,Kiss Me First | Official Trailer [HD] | Netflix,2Y,88만회
837,W. Kamau Bell: Private School Negro - Stand-up Special | Official Trailer [HD] | Netflix,2Y,5만회
838,Derren Brown: Miracle | Official Trailer [HD] | Netflix,2Y,11만회
839,Brain On Fire | Official Trailer [HD] | Netflix,2Y,1099만회
840,Recovery Boys | Official Trailer [HD] | Netflix,2Y,39만회
841,Hannah Gadsby: Nanette | Official Trailer [HD] | Netflix,2Y,129만회
842,Anne With An E: Season 2 | Official Trailer [HD] | Netflix,2Y,91만회
843,The Staircase | Official Trailer [HD] | Netflix,2Y,92만회
844,November 13 : Attack on Paris | Official Trailer [HD] | Netflix,2Y,113만회
845,Fauda - Season 2 | Official Trailer [HD] | Netflix,2Y,75만회
846,Lust Stories | Official Trailer | Netflix,2Y,1473만회
847,Set It Up | Official Trailer [HD] | Netflix,2Y,630만회
848,Ali Wong: Hard Knock Wife | Official Trailer [HD] | Netflix,2Y,78만회
849,Tig Notaro: Happy To Be Here | Official Trailer [HD] | Netflix,2Y,10만회
850,Alex Strangelove | Official Trailer [HD] | Netflix,2Y,318만회
851,13 Reasons Why: Season 2 | Official Trailer | Netflix,2Y,1256만회
852,Ibiza l Official Trailer [HD] l Netflix,2Y,263만회
853,Evil Genius | Official Trailer [HD] | Netflix,2Y,270만회
854,The Break with Michelle Wolf | Official Trailer [HD] | Netflix,2Y,24만회
855,Manhunt | Official Trailer [HD] | Netflix,2Y,25만회
856,Hari Kondabolu: Warn Your Relatives | Official Trailer [HD] | Netflix,2Y,7.6만회
857,Dany Boon Des Hauts De France | Official Trailer [HD] | Netflix,2Y,2.4만회
858,Busted! | Official Trailer [HD] | Netflix,2Y,93만회
859,The Rain | Official Trailer [HD] | Netflix,2Y,376만회
860,Anon | Official Trailer [HD] | Netflix,2Y,180만회
861,Candy Jar | Official Trailer [HD] | Netflix,2Y,272만회
862,Forgive Us Our Debts | Official Trailer [HD] | Netflix,2Y,15만회
863,Greg Davies: You Magnificent Beast | Official Trailer [HD] | Netflix,2Y,6만회
864,Kevin James: Never Don’t Give Up | Official Trailer [HD] | Netflix,2Y,17만회
865,DUDE | Official Trailer [HD] | Netflix,2Y,224만회
866,Bobby Kennedy For President | Official Trailer [HD] | Netflix,2Y,30만회
867,End Game | Official Trailer [HD] | Netflix,2Y,23만회
868,Mercury 13 | Official Trailer [HD] | Netflix,2Y,19만회
869,Bill Nye Saves The World - New Season May 11 | Official Trailer [HD] | Netflix,2Y,4.6만회
870,Natasha Leggero & Moshe Kasher: The Honeymoon Standup Special | Official Trailer | Netflix,2Y,6.5만회
871,3% - Season 2 | Official Trailer [HD] | Netflix,2Y,22만회
872,Cargo | Official Trailer [HD] | Netflix,2Y,959만회
873,Seth Rogen's Hilarity for Charity | Comedy Special Official Trailer | Netflix,2Y,21만회
874,I Am Not An Easy Man | Official Trailer [HD] | Netflix,2Y,102만회
875,"Ram Dass, Going Home | Official Trailer [HD] | Netflix",2Y,28만회
876,Money Heist - Part 2 | Official Trailer | Netflix,2Y,354만회
877,Kodachrome | Official Trailer [HD] | Netflix,2Y,105만회
878,Troy: Fall Of A City | Official Trailer [HD] | Netflix,2Y,191만회
879,Come Sunday | Official Trailer [HD] | Netflix,2Y,51만회
880,The Titan | Official Trailer HD (2018) | Netflix,2Y,426만회
881,Amateur | Official Trailer [HD] | Netflix,3Y,116만회
882,Chef's Table Pastry | Official Trailer [HD] | Netflix,3Y,40만회
883,Happy Anniversary | Official Trailer [HD] | Netflix,3Y,72만회
884,James Acaster: Repertoire | Official Trailer [HD] | Netflix,3Y,18만회
885,EDHA | Official Trailer [HD] | Netflix,3Y,11만회
886,The Standups - Season 2 | Official Trailer [HD] | Netflix,3Y,3.7만회
887,6 Balloons | Official Trailer [HD] | Netflix,3Y,285만회
888,Paradox | Official Trailer [HD] | Netflix,3Y,51만회
889,Requiem | Official Trailer [HD] | Netflix,3Y,47만회
890,First Match | Official Trailer [HD] | Netflix,3Y,90만회
891,"GAME OVER, MAN! | Official Trailer 2 [HD] | Netflix",3Y,29만회
892,Take Your Pills | Official Trailer [HD] ] Netflix,3Y,124만회
893,A Series of Unfortunate Events Season 2 | Official Trailer [HD] | Netflix,3Y,80만회
894,Lost in Space | Official Trailer | Netflix,3Y,745만회
895,Ricky Gervais: Humanity | Official Trailer [HD] | Netflix,3Y,33만회
896,The Defiant Ones I Official Trailer [HD] I Netflix,3Y,22만회
897,Wild Wild Country | Official Trailer [HD] | Netflix,3Y,501만회
898,The Week Of | Official Trailer [HD] | Netflix,3Y,166만회
899,Roxanne Roxanne | Official Trailer [HD] | Netflix,3Y,99만회
900,The Outsider | Official Trailer [HD] | Netflix,3Y,313만회
901,Gad Elmaleh: American Dream | Official Trailer [HD] | Netflix,3Y,18만회
902,Flint Town | Official Trailer [HD] | Netflix,3Y,53만회
903,Derren Brown: The Push I Official Trailer [HD] I Netflix,3Y,127만회
904,Marlon Wayans: Woke-ish | Official Trailer [HD] | Netflix,3Y,31만회
905,Chris Rock: Tamborine - Stand-Up Special | Official Trailer [HD] | Netflix,3Y,59만회
906,Benji | Official Trailer [HD] | Netflix,3Y,115만회
907,On Body and Soul | Official Trailer [HD] | Netflix,3Y,46만회
908,First Team: Juventus | Official Trailer [HD] | Netflix,3Y,49만회
909,Joel McHale Show | Official Trailer [HD] | Netflix,3Y,16만회
910,Ugly Delicious | Official Trailer [HD] | Netflix,3Y,36만회
911,Irreplaceable You | Official Trailer [HD] | Netflix,3Y,415만회
912,Marseille - Season 2 I Official Trailer [HD] I Netflix,3Y,7.6만회
913,Mute | Official Trailer [HD] | Netflix,3Y,314만회
914,When We First Met | Official Trailer [HD] | Netflix,3Y,487만회
915,The Ritual | Official Trailer [HD] | Netflix,3Y,613만회
916,Fred Armisen: Standup For Drummers | Official Trailer [HD] | Netflix,3Y,18만회
917,The Trader (Sovdagari) | Official Trailer [HD] | Netflix,3Y,13만회
918,Seven Seconds | Official Trailer [HD] | Netflix,3Y,217만회
919,Coach Snoop | Official Trailer [HD] | Netflix,3Y,50만회
920,The Mechanism | Official Trailer [HD] | Netflix,3Y,47만회
921,Queer Eye | Official Trailer [HD] | Netflix,3Y,158만회
922,Seeing Allred | Official Trailer [HD] | Netflix,3Y,16만회
923,Todd Glass: Act Happy | Official Trailer [HD] | Netflix,3Y,5만회
924,Dirty Money | Official Trailer [HD] | Netflix,3Y,176만회
925,Before I Wake | Official Trailer | Netflix,3Y,744만회
926,Comedians in Cars Getting Coffee | Official Trailer [HD] | Netflix,3Y,36만회
927,Katt Williams: Great America | Official Trailer [HD] | Netflix,3Y,52만회
928,My Next Guest Needs No Introduction With David Letterman | Official Trailer [HD] | Netflix,3Y,158만회
929,Harith Iskander: I Told You So | Official Trailer [HD] | Netflix,3Y,7.1만회
930,One Day At a Time - Season 2 | Official Trailer [HD] | Netflix,3Y,38만회
931,Tom Segura: Disgraceful | Official Trailer [HD] | Netflix,3Y,24만회
932,"GAME OVER, MAN! | Official Trailer [HD] | Netflix",3Y,324만회
933,Step Sisters | Official Trailer [HD] | Netflix,3Y,216만회
934,The Open House | Official Trailer [HD] | Netflix,3Y,363만회
935,Somebody Feed Phil | Official Trailer [HD] | Netflix,3Y,27만회
936,Lovesick - Season 3 | Official Trailer [HD] | Netflix,3Y,15만회
937,A Futile and Stupid Gesture | Official Trailer [HD] | Netflix,3Y,83만회
938,The Polka King | Official Trailer [HD] | Netflix,3Y,146만회
939,Rotten | Official Trailer [HD] | Netflix,3Y,99만회
940,Christmas Inheritance | Official Trailer [HD] | Netflix,3Y,103만회
941,Shot in the Dark | Official Trailer [HD] | Netflix,3Y,22만회
942,Russell Howard: Recalibrate | Official Trailer [HD] | Netflix,3Y,6.9만회
943,Bill Nye Saves the World - Season 2 | Official Trailer [HD] | Netflix,3Y,4만회
944,Black Mirror - U.S.S. Callister | Official Trailer [HD] | Netflix,3Y,96만회
945,Wormwood | Official Trailer [HD] | Netflix,3Y,82만회
946,Black Mirror - Metalhead | Official Trailer [HD] | Netflix,3Y,106만회
947,Black Mirror - Hang the DJ | Official Trailer [HD] | Netflix,3Y,123만회
948,Judd Apatow: The Return | Official Trailer [HD] | Netflix,3Y,6.2만회
949,Black Mirror - Black Museum | Official Trailer [HD] | Netflix,3Y,100만회
950,El Chapo - Season 2 | Official Trailer [HD] | Netflix,3Y,74만회
951,Craig Ferguson: Tickle Fight | Official Trailer [HD] | Netflix,3Y,5.9만회
952,Black Mirror - Crocodile | Official Trailer [HD] | Netflix,3Y,100만회
953,Black Mirror - Arkangel | Official Trailer [HD] | Netflix,3Y,330만회
954,El Camino Christmas | Official Trailer [HD] | Netflix,3Y,46만회
955,Easy - Season 2 | Official Trailer [HD] | Netflix,3Y,44만회
956,A Christmas Prince | Official Trailer | Netflix,3Y,267만회
957,Frontier - Season 2 | Official Trailer [HD] | Netflix,3Y,16만회
958,Brian Regan: Nunchucks and Flamethrowers | Official Trailer [HD] | Netflix,3Y,11만회
959,Ultimate Beastmaster - Season 2 | Official Trailer [HD] | Netflix,3Y,15만회
960,Cuba and the Cameraman | Official Trailer [HD] | Netflix,3Y,26만회
961,DeRay Davis: How To Act Black | Official Trailer [HD] | Netflix,3Y,16만회
962,Voyeur | Official Trailer [HD] | Netflix,3Y,85만회
963,Saving Capitalism | Official Trailer [HD] | Netflix,3Y,21만회
964,Barbra: The Music... The Mem'ries... The Magic! | Official Trailer [HD] | Netflix,3Y,23만회
965,Bright | Official Trailer 2 [HD] |  Written by MAX LANDIS  Directed by DAVID AYER | Netflix,3Y,192만회
966,Judah Friedlander: America Is The Greatest Country In The U.S. | Official Trailer [HD] | Netflix,3Y,4.1만회
967,Jim & Andy: The Great Beyond | Official Trailer [HD] | Netflix,3Y,258만회
968,Jack Whitehall: At Large | Official Trailer [HD] | Netflix,3Y,6만회
969,Longmire - The Final Season | Official Trailer [HD] | Netflix,3Y,64만회
970,Joan Didion: The Center Will Not Hold | Official Trailer [HD] | Netflix,3Y,31만회
971,Haters Back Off - Season 2 | Official Trailer [HD] | Netflix,3Y,78만회
972,The Day I Met El Chapo | Official Trailer [HD] | Netflix,3Y,80만회
973,Wheelman | Official Trailer [HD] | Netflix,3Y,140만회
974,Patton Oswalt: Annihilation | Official Trailer [HD] | Netflix,3Y,11만회
975,Christina P: Mother Inferior | Official Trailer [HD] | Netflix,3Y,13만회
976,Rodney Carrington: Here Comes The Truth | Official Trailer [HD] | Netflix,3Y,19만회
977,1922 | Official Trailer [HD] | Netflix,3Y,657만회
978,Def Comedy Jam 25 | Official Trailer [HD] | Netflix,3Y,18만회
979,The Meyerowitz Stories (New and Selected) | Official Trailer [HD] | Netflix,3Y,96만회
980,GAGA: FIVE FOOT TWO | Official Trailer [HD] | Netflix,3Y,217만회
981,Fuller House - Season 3 | Official Trailer [HD] | Netflix,3Y,191만회
982,Kingdom of Us | Official Trailer [HD] | Netflix,3Y,22만회
983,Our Souls At Night | Official Trailer [HD] | Netflix,3Y,69만회
984,The Death and Life of Marsha P. Johnson | Official Trailer [HD] | Netflix,3Y,37만회
985,Alias Grace | Official Trailer [HD] | Netflix,3Y,304만회
986,One of Us | Official Trailer [HD] | Netflix,3Y,180만회
987,Gerald's Game | Official Trailer [HD] | Netflix,3Y,1236만회
988,#realityhigh | Official Trailer [HD] | Netflix,3Y,1881만회
989,Suburra | Official Trailer [HD] | Netflix,3Y,120만회
990,Jack Whitehall: Travels With My Father | Official Trailer [HD] | Netflix,3Y,54만회
991,Long Shot | Official Trailer [HD] | Netflix,3Y,85만회
992,Heroin(e) | Official Trailer [HD] | Netflix,3Y,33만회
993,Jeff Dunham: Relative Disaster | Official Trailer [HD] | Netflix,3Y,22만회
994,Jerry Before Seinfeld | Official Trailer [HD] | Netflix,3Y,43만회
995,Marc Maron: Too Real | Official Trailer [HD] | Netflix,3Y,8.8만회
996,Strong Island | Official Trailer [HD] | Netflix,3Y,47만회
997,Little Evil | Official Trailer [HD] | Netflix,3Y,253만회
998,Ryan Hamilton: Happy Face | Official Trailer [HD] | Netflix,3Y,8.3만회
999,Fire Chasers | Official Trailer [HD] | Netflix,3Y,15만회
1000,Resurface | Official Trailer [HD] | Netflix,3Y,28만회
1001,Lynne Koplitz: Hormonal Beast | Official Trailer [HD] | Netflix,3Y,9.4만회
1002,Brad Paisley's Comedy Rodeo | Official Trailer [HD] | Netflix,3Y,3.3만회
1003,American Vandal | Official Trailer [HD] | Netflix,3Y,433만회
1004,First They Killed My Father | Official Trailer [HD] | Netflix,3Y,289만회
1005,What Happened to Monday | Official Trailer [HD] | Netflix,3Y,361만회
1006,The Incredible Jessica James | Official Trailer [HD] | Netflix,3Y,81만회
1007,Message from the King | Official Trailer [HD] | Netflix,3Y,165만회
1008,Star Trek: Discovery | Official Trailer [HD] | Netflix,3Y,316만회
1009,Maz Jobrani: Immigrant | Official Trailer [HD] | Netflix,3Y,4.7만회
1010,Bright | Official Trailer | Netflix,3Y,1211만회
1011,Atypical | Official Trailer [HD] | Netflix,3Y,367만회
1012,Joe Mande's Award-Winning Comedy Special | Official Trailer [HD] | Netflix,3Y,3.4만회
1013,Naked | Official Trailer [HD] | Netflix,3Y,220만회
1014,Ozark | Official Trailer [HD] | Netflix,3Y,908만회
1015,Aditi Mittal: Things They Wouldn't Let Me Say | Official Trailer [HD] | Netflix,3Y,29만회
1016,Ari Shaffir: Double Negative | Official Trailer [HD] | Netflix,3Y,5.1만회
1017,Icarus | Official Trailer [HD] | Netflix,3Y,443만회
1018,Death Note | Official Trailer [HD] | Netflix,3Y,730만회
1019,Daughters of Destiny | Official Trailer [HD] | Netflix,3Y,53만회
1020,The Standups | Official Trailer [HD] | Netflix,3Y,6.2만회
1021,Last Chance U | Season 2 Official Trailer [HD] | Netflix,3Y,48만회
1022,To The Bone | Official Trailer [HD] | Netflix,3Y,797만회
1023,Kids Interactive Adventure | Official Trailer [HD] | Netflix,3Y,33만회
1024,Chris D'Elia: Man on Fire | Official Trailer [HD] | Netflix,3Y,22만회
1025,Nobody Speak | Official Trailer [HD] | Netflix,3Y,29만회
1026,Friends From College | Official Trailer [HD] | Netflix,3Y,269만회
1027,Rory Scovel Tries Stand-Up For The First Time | Official Trailer [HD] | Netflix,3Y,10만회
1028,"Oh, Hello Broadway | Official Trailer [HD] | Netflix",3Y,21만회
1029,Chasing Coral | Official Trailer [HD] | Netflix,3Y,55만회
1030,Sarah Silverman: A Speck Of Dust | Official Trailer [HD] | Netflix,3Y,13만회
